Province,Longitude,Latitude,Month,ALLSKY_SFC_SW_DWN,PRECTOTCORR,RH2M,T2M,WS2M
Aceh,96.91283780019845,4.227442854997954,ANN,17.22,9.4,89.76,21.56,0.36
Aceh,96.91283780019845,4.227442854997954,APR,18.18,9.04,90.58,22.27,0.38
Aceh,96.91283780019845,4.227442854997954,AUG,16.98,9.16,89.22,21.21,0.36
Aceh,96.91283780019845,4.227442854997954,DEC,15.23,13.1,91.86,21.3,0.37
Aceh,96.91283780019845,4.227442854997954,FEB,19.22,6.79,88.89,21.95,0.38
Aceh,96.91283780019845,4.227442854997954,JAN,17.2,8.08,89.77,21.57,0.37
Aceh,96.91283780019845,4.227442854997954,JUL,17.77,8.34,88.26,21.27,0.34
Aceh,96.91283780019845,4.227442854997954,JUN,17.55,8.01,88.97,21.33,0.33
Aceh,96.91283780019845,4.227442854997954,MAR,19.09,7.36,89.21,22.08,0.4
Aceh,96.91283780019845,4.227442854997954,MAY,17.29,8.86,90.22,22.21,0.35
Aceh,96.91283780019845,4.227442854997954,NOV,14.99,11.41,91.33,21.22,0.35
Aceh,96.91283780019845,4.227442854997954,OCT,16.2,13.87,90.12,21.14,0.37
Aceh,96.91283780019845,4.227442854997954,SEP,17.02,8.51,88.61,21.23,0.36
Bali,115.13132844211631,-8.368591143035239,ANN,20.07,4.84,83.69,25.43,1.35
Bali,115.13132844211631,-8.368591143035239,APR,19.66,4.44,85.48,25.9,1.21
Bali,115.13132844211631,-8.368591143035239,AUG,20.8,0.75,82.31,24.08,1.69
Bali,115.13132844211631,-8.368591143035239,DEC,19.37,9.33,83.28,26.21,1.13
Bali,115.13132844211631,-8.368591143035239,FEB,19.44,9.86,85.91,25.84,1.1
Bali,115.13132844211631,-8.368591143035239,JAN,19.07,9.72,84.98,25.88,1.24
Bali,115.13132844211631,-8.368591143035239,JUL,18.39,1.45,83.97,23.88,1.76
Bali,115.13132844211631,-8.368591143035239,JUN,17.86,2.05,85.57,24.73,1.56
Bali,115.13132844211631,-8.368591143035239,MAR,20.08,8.05,85.55,25.94,1.0
Bali,115.13132844211631,-8.368591143035239,MAY,18.89,1.95,85.72,25.43,1.49
Bali,115.13132844211631,-8.368591143035239,NOV,21.55,5.78,80.89,26.54,1.1
Bali,115.13132844211631,-8.368591143035239,OCT,23.22,3.55,79.97,25.92,1.35
Bali,115.13132844211631,-8.368591143035239,SEP,22.45,1.41,80.75,24.88,1.56
Banten,106.11125450149407,-6.4556900263722,ANN,16.99,7.11,84.84,25.9,1.59
Banten,106.11125450149407,-6.4556900263722,APR,17.13,8.12,86.84,26.21,1.39
Banten,106.11125450149407,-6.4556900263722,AUG,18.28,2.62,81.97,25.53,1.34
Banten,106.11125450149407,-6.4556900263722,DEC,16.01,8.72,85.99,25.83,2.09
Banten,106.11125450149407,-6.4556900263722,FEB,15.9,14.31,88.06,25.53,1.83
Banten,106.11125450149407,-6.4556900263722,JAN,15.76,10.74,87.36,25.55,1.97
Banten,106.11125450149407,-6.4556900263722,JUL,16.84,3.36,83.38,25.48,1.31
Banten,106.11125450149407,-6.4556900263722,JUN,15.64,4.62,85.51,25.82,1.21
Banten,106.11125450149407,-6.4556900263722,MAR,16.65,10.24,87.54,25.76,1.68
Banten,106.11125450149407,-6.4556900263722,MAY,16.11,6.32,86.33,26.44,1.2
Banten,106.11125450149407,-6.4556900263722,NOV,17.18,7.26,84.03,26.26,1.8
Banten,106.11125450149407,-6.4556900263722,OCT,18.93,5.51,80.8,26.44,1.69
Banten,106.11125450149407,-6.4556900263722,SEP,19.35,3.94,80.49,25.92,1.51
Bengkulu,102.34287888867168,-3.555370444297174,ANN,17.12,8.69,88.69,23.5,0.48
Bengkulu,102.34287888867168,-3.555370444297174,APR,17.73,10.29,89.65,23.85,0.43
Bengkulu,102.34287888867168,-3.555370444297174,AUG,17.17,5.71,88.45,23.3,0.51
Bengkulu,102.34287888867168,-3.555370444297174,DEC,16.65,9.81,89.05,23.18,0.55
Bengkulu,102.34287888867168,-3.555370444297174,FEB,17.53,8.47,88.89,23.46,0.48
Bengkulu,102.34287888867168,-3.555370444297174,JAN,16.57,11.21,89.52,23.28,0.5
Bengkulu,102.34287888867168,-3.555370444297174,JUL,16.4,6.16,88.95,23.26,0.47
Bengkulu,102.34287888867168,-3.555370444297174,JUN,15.79,8.11,90.64,23.54,0.43
Bengkulu,102.34287888867168,-3.555370444297174,MAR,18.27,12.26,89.34,23.49,0.47
Bengkulu,102.34287888867168,-3.555370444297174,MAY,16.7,7.61,89.84,24.11,0.42
Bengkulu,102.34287888867168,-3.555370444297174,NOV,16.91,9.5,87.65,23.47,0.51
Bengkulu,102.34287888867168,-3.555370444297174,OCT,18.04,8.82,85.83,23.66,0.52
Bengkulu,102.34287888867168,-3.555370444297174,SEP,17.7,6.25,86.46,23.36,0.52
DKI Jakarta,106.83854287036111,-6.206700343549144,ANN,16.99,6.34,81.59,27.64,2.32
DKI Jakarta,106.83854287036111,-6.206700343549144,APR,17.13,7.11,82.7,27.97,2.02
DKI Jakarta,106.83854287036111,-6.206700343549144,AUG,18.28,1.51,79.61,27.16,2.44
DKI Jakarta,106.83854287036111,-6.206700343549144,DEC,16.01,8.1,82.43,27.66,2.55
DKI Jakarta,106.83854287036111,-6.206700343549144,FEB,15.9,14.88,85.23,27.16,2.6
DKI Jakarta,106.83854287036111,-6.206700343549144,JAN,15.76,10.24,84.87,27.2,2.79
DKI Jakarta,106.83854287036111,-6.206700343549144,JUL,16.84,2.7,80.78,27.13,2.45
DKI Jakarta,106.83854287036111,-6.206700343549144,JUN,15.64,3.51,82.19,27.62,2.12
DKI Jakarta,106.83854287036111,-6.206700343549144,MAR,16.65,9.59,84.17,27.49,2.27
DKI Jakarta,106.83854287036111,-6.206700343549144,MAY,16.11,4.74,82.91,28.13,2.15
DKI Jakarta,106.83854287036111,-6.206700343549144,NOV,17.18,7.1,79.73,28.16,2.15
DKI Jakarta,106.83854287036111,-6.206700343549144,OCT,18.93,4.42,77.29,28.3,2.04
DKI Jakarta,106.83854287036111,-6.206700343549144,SEP,19.35,2.74,77.38,27.67,2.27
Daerah Istimewa Yogyakarta,110.44601376862772,-7.895353197725792,ANN,18.31,6.66,83.88,26.09,2.7
Daerah Istimewa Yogyakarta,110.44601376862772,-7.895353197725792,APR,18.02,7.72,85.63,26.77,2.19
Daerah Istimewa Yogyakarta,110.44601376862772,-7.895353197725792,AUG,20.1,1.34,80.64,24.93,3.4
Daerah Istimewa Yogyakarta,110.44601376862772,-7.895353197725792,DEC,17.51,11.23,85.43,26.44,2.3
Daerah Istimewa Yogyakarta,110.44601376862772,-7.895353197725792,FEB,16.64,13.36,86.53,26.4,2.31
Daerah Istimewa Yogyakarta,110.44601376862772,-7.895353197725792,JAN,16.99,10.17,86.52,26.32,2.42
Daerah Istimewa Yogyakarta,110.44601376862772,-7.895353197725792,JUL,18.27,1.91,83.67,24.8,3.26
Daerah Istimewa Yogyakarta,110.44601376862772,-7.895353197725792,JUN,16.74,4.34,85.59,25.67,2.75
Daerah Istimewa Yogyakarta,110.44601376862772,-7.895353197725792,MAR,17.36,8.86,86.27,26.46,2.04
Daerah Istimewa Yogyakarta,110.44601376862772,-7.895353197725792,MAY,17.86,5.05,86.01,26.35,2.7
Daerah Istimewa Yogyakarta,110.44601376862772,-7.895353197725792,NOV,18.54,8.54,82.84,26.8,2.48
Daerah Istimewa Yogyakarta,110.44601376862772,-7.895353197725792,OCT,20.35,4.38,78.92,26.48,3.06
Daerah Istimewa Yogyakarta,110.44601376862772,-7.895353197725792,SEP,21.26,3.53,78.71,25.68,3.43
Gorontalo,122.37562753550068,0.6859875184523417,ANN,19.2,5.55,80.23,27.36,2.57
Gorontalo,122.37562753550068,0.6859875184523417,APR,20.01,6.2,79.06,27.78,1.93
Gorontalo,122.37562753550068,0.6859875184523417,AUG,19.73,3.11,81.95,26.76,3.53
Gorontalo,122.37562753550068,0.6859875184523417,DEC,18.29,5.57,79.1,27.71,2.02
Gorontalo,122.37562753550068,0.6859875184523417,FEB,19.5,4.87,79.88,27.11,3.11
Gorontalo,122.37562753550068,0.6859875184523417,JAN,18.34,5.59,81.05,27.01,2.63
Gorontalo,122.37562753550068,0.6859875184523417,JUL,17.22,7.49,83.66,26.56,3.23
Gorontalo,122.37562753550068,0.6859875184523417,JUN,17.24,7.48,83.13,27.1,2.6
Gorontalo,122.37562753550068,0.6859875184523417,MAR,20.47,5.94,79.03,27.42,2.43
Gorontalo,122.37562753550068,0.6859875184523417,MAY,18.76,7.0,81.69,27.82,2.12
Gorontalo,122.37562753550068,0.6859875184523417,NOV,19.51,5.47,77.42,28.04,1.76
Gorontalo,122.37562753550068,0.6859875184523417,OCT,20.7,4.12,77.7,27.86,2.35
Gorontalo,122.37562753550068,0.6859875184523417,SEP,20.7,3.73,79.04,27.13,3.15
Jambi,102.71544037711116,-1.698492909380171,ANN,16.93,7.23,88.6,26.14,0.61
Jambi,102.71544037711116,-1.698492909380171,APR,17.34,9.19,88.92,26.61,0.49
Jambi,102.71544037711116,-1.698492909380171,AUG,17.06,5.06,88.23,25.82,0.72
Jambi,102.71544037711116,-1.698492909380171,DEC,15.84,7.63,89.44,25.95,0.6
Jambi,102.71544037711116,-1.698492909380171,FEB,16.58,7.24,88.8,26.02,0.67
Jambi,102.71544037711116,-1.698492909380171,JAN,15.79,8.15,89.71,25.79,0.68
Jambi,102.71544037711116,-1.698492909380171,JUL,16.88,4.09,89.07,25.76,0.7
Jambi,102.71544037711116,-1.698492909380171,JUN,16.45,6.8,89.91,26.0,0.59
Jambi,102.71544037711116,-1.698492909380171,MAR,18.04,8.94,88.4,26.36,0.57
Jambi,102.71544037711116,-1.698492909380171,MAY,16.77,7.27,89.76,26.71,0.55
Jambi,102.71544037711116,-1.698492909380171,NOV,17.1,8.45,87.69,26.31,0.52
Jambi,102.71544037711116,-1.698492909380171,OCT,17.88,7.93,86.38,26.42,0.56
Jambi,102.71544037711116,-1.698492909380171,SEP,17.46,6.06,86.92,25.96,0.7
Jawa Barat,107.60316307854777,-6.920574898542179,ANN,17.79,9.09,88.62,21.74,1.46
Jawa Barat,107.60316307854777,-6.920574898542179,APR,17.92,10.98,90.09,22.27,1.16
Jawa Barat,107.60316307854777,-6.920574898542179,AUG,19.53,2.3,86.52,20.95,1.5
Jawa Barat,107.60316307854777,-6.920574898542179,DEC,16.66,11.26,89.21,21.99,1.71
Jawa Barat,107.60316307854777,-6.920574898542179,FEB,15.81,15.47,90.99,21.6,1.74
Jawa Barat,107.60316307854777,-6.920574898542179,JAN,16.15,11.63,90.24,21.67,1.8
Jawa Barat,107.60316307854777,-6.920574898542179,JUL,17.79,4.25,88.57,20.79,1.41
Jawa Barat,107.60316307854777,-6.920574898542179,JUN,16.38,5.79,89.51,21.52,1.16
Jawa Barat,107.60316307854777,-6.920574898542179,MAR,17.37,13.73,90.26,21.85,1.48
Jawa Barat,107.60316307854777,-6.920574898542179,MAY,16.94,8.26,90.19,22.24,1.15
Jawa Barat,107.60316307854777,-6.920574898542179,NOV,18.05,12.88,87.83,22.27,1.36
Jawa Barat,107.60316307854777,-6.920574898542179,OCT,20.08,7.44,84.96,22.26,1.49
Jawa Barat,107.60316307854777,-6.920574898542179,SEP,20.7,5.62,85.18,21.44,1.59
Jawa Tengah,110.20159798301614,-7.25987153223392,ANN,18.31,7.16,87.71,23.33,1.82
Jawa Tengah,110.20159798301614,-7.25987153223392,APR,18.02,7.94,89.76,23.9,1.36
Jawa Tengah,110.20159798301614,-7.25987153223392,AUG,20.1,1.62,85.78,22.22,2.29
Jawa Tengah,110.20159798301614,-7.25987153223392,DEC,17.51,10.9,88.55,23.69,1.68
Jawa Tengah,110.20159798301614,-7.25987153223392,FEB,16.64,13.18,90.01,23.44,1.7
Jawa Tengah,110.20159798301614,-7.25987153223392,JAN,16.99,10.36,89.4,23.48,1.77
Jawa Tengah,110.20159798301614,-7.25987153223392,JUL,18.27,2.35,88.61,22.02,2.05
Jawa Tengah,110.20159798301614,-7.25987153223392,JUN,16.74,5.22,89.87,22.9,1.66
Jawa Tengah,110.20159798301614,-7.25987153223392,MAR,17.36,9.47,89.45,23.61,1.46
Jawa Tengah,110.20159798301614,-7.25987153223392,MAY,17.86,5.65,89.94,23.64,1.59
Jawa Tengah,110.20159798301614,-7.25987153223392,NOV,18.54,9.63,86.08,24.08,1.73
Jawa Tengah,110.20159798301614,-7.25987153223392,OCT,20.35,5.27,82.27,23.96,2.22
Jawa Tengah,110.20159798301614,-7.25987153223392,SEP,21.26,4.86,83.04,23.03,2.38
Jawa Timur,112.72740909314183,-7.721265152502217,ANN,18.67,6.13,77.67,26.82,1.59
Jawa Timur,112.72740909314183,-7.721265152502217,APR,17.73,8.07,85.84,26.4,1.17
Jawa Timur,112.72740909314183,-7.721265152502217,AUG,20.4,0.39,64.65,27.34,2.11
Jawa Timur,112.72740909314183,-7.721265152502217,DEC,17.56,14.44,83.91,26.49,1.36
Jawa Timur,112.72740909314183,-7.721265152502217,FEB,17.34,14.84,89.1,25.61,1.55
Jawa Timur,112.72740909314183,-7.721265152502217,JAN,17.37,11.69,87.38,25.83,1.5
Jawa Timur,112.72740909314183,-7.721265152502217,JUL,18.71,1.05,74.34,25.86,1.85
Jawa Timur,112.72740909314183,-7.721265152502217,JUN,17.0,2.26,80.85,25.99,1.48
Jawa Timur,112.72740909314183,-7.721265152502217,MAR,17.83,8.44,87.58,25.96,1.26
Jawa Timur,112.72740909314183,-7.721265152502217,MAY,17.91,3.58,84.61,26.25,1.43
Jawa Timur,112.72740909314183,-7.721265152502217,NOV,18.76,5.79,72.42,28.21,1.39
Jawa Timur,112.72740909314183,-7.721265152502217,OCT,21.5,2.24,61.95,29.2,1.85
Jawa Timur,112.72740909314183,-7.721265152502217,SEP,21.77,1.28,60.03,28.63,2.12
Kalimantan Barat,111.12247665197327,-0.08582404683218152,ANN,17.36,10.72,91.43,26.07,0.11
Kalimantan Barat,111.12247665197327,-0.08582404683218152,APR,18.32,9.41,91.68,26.42,0.13
Kalimantan Barat,111.12247665197327,-0.08582404683218152,AUG,16.97,9.35,90.26,25.99,0.1
Kalimantan Barat,111.12247665197327,-0.08582404683218152,DEC,17.09,11.65,92.39,25.91,0.09
Kalimantan Barat,111.12247665197327,-0.08582404683218152,FEB,17.7,12.21,91.28,25.92,0.09
Kalimantan Barat,111.12247665197327,-0.08582404683218152,JAN,16.91,10.65,92.06,25.82,0.1
Kalimantan Barat,111.12247665197327,-0.08582404683218152,JUL,17.17,7.73,90.86,25.92,0.1
Kalimantan Barat,111.12247665197327,-0.08582404683218152,JUN,16.73,10.74,92.55,26.0,0.13
Kalimantan Barat,111.12247665197327,-0.08582404683218152,MAR,18.02,12.37,91.09,26.13,0.11
Kalimantan Barat,111.12247665197327,-0.08582404683218152,MAY,17.39,9.26,92.27,26.63,0.14
Kalimantan Barat,111.12247665197327,-0.08582404683218152,NOV,17.15,12.71,91.95,26.02,0.1
Kalimantan Barat,111.12247665197327,-0.08582404683218152,OCT,17.35,11.6,91.06,26.15,0.1
Kalimantan Barat,111.12247665197327,-0.08582404683218152,SEP,17.52,11.13,89.77,25.98,0.09
Kalimantan Selatan,115.43884011085066,-3.0002132557689336,ANN,17.03,7.76,87.45,25.07,0.09
Kalimantan Selatan,115.43884011085066,-3.0002132557689336,APR,17.8,5.61,87.47,25.55,0.11
Kalimantan Selatan,115.43884011085066,-3.0002132557689336,AUG,17.24,6.1,87.09,24.43,0.06
Kalimantan Selatan,115.43884011085066,-3.0002132557689336,DEC,16.29,8.95,87.74,25.2,0.1
Kalimantan Selatan,115.43884011085066,-3.0002132557689336,FEB,17.47,11.21,88.11,25.02,0.12
Kalimantan Selatan,115.43884011085066,-3.0002132557689336,JAN,16.49,10.86,89.05,24.78,0.1
Kalimantan Selatan,115.43884011085066,-3.0002132557689336,JUL,15.39,5.92,89.52,24.15,0.07
Kalimantan Selatan,115.43884011085066,-3.0002132557689336,JUN,15.19,9.91,90.15,24.64,0.09
Kalimantan Selatan,115.43884011085066,-3.0002132557689336,MAR,17.74,11.17,87.86,25.25,0.12
Kalimantan Selatan,115.43884011085066,-3.0002132557689336,MAY,16.97,5.66,88.94,25.53,0.09
Kalimantan Selatan,115.43884011085066,-3.0002132557689336,NOV,17.51,7.68,84.66,25.82,0.11
Kalimantan Selatan,115.43884011085066,-3.0002132557689336,OCT,18.23,5.18,84.18,25.56,0.09
Kalimantan Selatan,115.43884011085066,-3.0002132557689336,SEP,18.09,5.11,84.6,24.9,0.08
Kalimantan Tengah,113.41611378971395,-1.606396988252357,ANN,17.5,8.44,85.46,27.05,0.09
Kalimantan Tengah,113.41611378971395,-1.606396988252357,APR,18.16,9.6,85.57,27.49,0.1
Kalimantan Tengah,113.41611378971395,-1.606396988252357,AUG,16.7,4.12,84.55,26.7,0.07
Kalimantan Tengah,113.41611378971395,-1.606396988252357,DEC,17.6,9.13,86.3,26.96,0.09
Kalimantan Tengah,113.41611378971395,-1.606396988252357,FEB,18.31,11.81,85.65,27.02,0.1
Kalimantan Tengah,113.41611378971395,-1.606396988252357,JAN,17.46,10.5,86.53,26.79,0.09
Kalimantan Tengah,113.41611378971395,-1.606396988252357,JUL,16.21,4.77,85.94,26.48,0.08
Kalimantan Tengah,113.41611378971395,-1.606396988252357,JUN,16.18,6.11,86.58,26.89,0.1
Kalimantan Tengah,113.41611378971395,-1.606396988252357,MAR,18.34,12.26,85.38,27.21,0.1
Kalimantan Tengah,113.41611378971395,-1.606396988252357,MAY,17.41,7.65,86.23,27.63,0.1
Kalimantan Tengah,113.41611378971395,-1.606396988252357,NOV,18.47,11.62,85.43,27.25,0.09
Kalimantan Tengah,113.41611378971395,-1.606396988252357,OCT,17.89,7.77,83.97,27.34,0.09
Kalimantan Tengah,113.41611378971395,-1.606396988252357,SEP,17.38,6.16,83.35,26.88,0.08
Kalimantan Timur,116.44811128504558,0.45521788318928985,ANN,17.7,7.26,92.25,25.52,0.11
Kalimantan Timur,116.44811128504558,0.45521788318928985,APR,18.66,7.77,92.65,25.75,0.1
Kalimantan Timur,116.44811128504558,0.45521788318928985,AUG,17.33,5.93,91.73,25.28,0.12
Kalimantan Timur,116.44811128504558,0.45521788318928985,DEC,16.73,8.27,92.82,25.5,0.11
Kalimantan Timur,116.44811128504558,0.45521788318928985,FEB,19.14,6.31,91.41,25.5,0.07
Kalimantan Timur,116.44811128504558,0.45521788318928985,JAN,17.17,7.95,92.65,25.25,0.1
Kalimantan Timur,116.44811128504558,0.45521788318928985,JUL,16.04,6.26,92.58,25.08,0.12
Kalimantan Timur,116.44811128504558,0.45521788318928985,JUN,16.59,7.05,93.15,25.42,0.14
Kalimantan Timur,116.44811128504558,0.45521788318928985,MAR,19.44,7.86,92.06,25.53,0.09
Kalimantan Timur,116.44811128504558,0.45521788318928985,MAY,17.54,7.8,93.2,26.02,0.13
Kalimantan Timur,116.44811128504558,0.45521788318928985,NOV,17.92,7.68,92.01,25.79,0.12
Kalimantan Timur,116.44811128504558,0.45521788318928985,OCT,18.15,7.25,91.67,25.69,0.12
Kalimantan Timur,116.44811128504558,0.45521788318928985,SEP,17.75,6.92,91.02,25.46,0.11
Kalimantan Utara,116.24385890815898,2.9143355166646567,ANN,17.36,8.38,92.23,23.42,0.09
Kalimantan Utara,116.24385890815898,2.9143355166646567,APR,18.23,7.2,91.81,23.72,0.08
Kalimantan Utara,116.24385890815898,2.9143355166646567,AUG,17.87,6.63,92.03,23.43,0.11
Kalimantan Utara,116.24385890815898,2.9143355166646567,DEC,16.44,10.12,93.02,23.23,0.09
Kalimantan Utara,116.24385890815898,2.9143355166646567,FEB,16.73,6.13,91.07,23.05,0.08
Kalimantan Utara,116.24385890815898,2.9143355166646567,JAN,15.54,8.41,92.62,22.89,0.08
Kalimantan Utara,116.24385890815898,2.9143355166646567,JUL,17.25,8.14,92.58,23.29,0.1
Kalimantan Utara,116.24385890815898,2.9143355166646567,JUN,17.39,8.25,93.06,23.46,0.1
Kalimantan Utara,116.24385890815898,2.9143355166646567,MAR,17.92,9.55,91.6,23.28,0.09
Kalimantan Utara,116.24385890815898,2.9143355166646567,MAY,17.46,12.18,92.96,24.04,0.09
Kalimantan Utara,116.24385890815898,2.9143355166646567,NOV,17.36,7.72,92.37,23.5,0.09
Kalimantan Utara,116.24385890815898,2.9143355166646567,OCT,18.03,7.68,91.91,23.56,0.09
Kalimantan Utara,116.24385890815898,2.9143355166646567,SEP,18.04,8.25,91.63,23.54,0.1
Kepulauan Bangka Belitung,106.54822702141549,-2.4466353967313057,ANN,16.97,6.57,82.69,27.7,2.65
Kepulauan Bangka Belitung,106.54822702141549,-2.4466353967313057,APR,17.67,8.3,81.17,28.23,1.72
Kepulauan Bangka Belitung,106.54822702141549,-2.4466353967313057,AUG,18.02,3.21,81.64,27.54,3.51
Kepulauan Bangka Belitung,106.54822702141549,-2.4466353967313057,DEC,14.46,9.27,84.58,27.38,2.53
Kepulauan Bangka Belitung,106.54822702141549,-2.4466353967313057,FEB,17.85,6.75,86.01,27.04,3.07
Kepulauan Bangka Belitung,106.54822702141549,-2.4466353967313057,JAN,15.98,7.96,86.9,26.94,3.06
Kepulauan Bangka Belitung,106.54822702141549,-2.4466353967313057,JUL,17.04,4.14,82.9,27.49,3.17
Kepulauan Bangka Belitung,106.54822702141549,-2.4466353967313057,JUN,15.67,6.0,83.49,27.82,2.68
Kepulauan Bangka Belitung,106.54822702141549,-2.4466353967313057,MAR,18.61,7.7,83.8,27.53,2.29
Kepulauan Bangka Belitung,106.54822702141549,-2.4466353967313057,MAY,16.52,6.94,83.31,28.47,2.3
Kepulauan Bangka Belitung,106.54822702141549,-2.4466353967313057,NOV,16.29,8.46,79.89,28.05,1.83
Kepulauan Bangka Belitung,106.54822702141549,-2.4466353967313057,OCT,17.43,6.03,78.77,28.12,2.46
Kepulauan Bangka Belitung,106.54822702141549,-2.4466353967313057,SEP,18.17,4.1,79.92,27.7,3.23
Kepulauan Riau,105.44410554655478,1.501978268543322,ANN,18.4,4.82,81.35,28.26,3.68
Kepulauan Riau,105.44410554655478,1.501978268543322,APR,20.98,2.84,79.31,28.69,2.41
Kepulauan Riau,105.44410554655478,1.501978268543322,AUG,18.18,4.74,81.8,28.29,4.18
Kepulauan Riau,105.44410554655478,1.501978268543322,DEC,16.3,6.36,83.64,27.76,4.34
Kepulauan Riau,105.44410554655478,1.501978268543322,FEB,20.26,3.33,83.57,27.31,4.96
Kepulauan Riau,105.44410554655478,1.501978268543322,JAN,17.25,5.88,84.2,27.4,5.28
Kepulauan Riau,105.44410554655478,1.501978268543322,JUL,18.06,4.78,80.85,28.66,4.17
Kepulauan Riau,105.44410554655478,1.501978268543322,JUN,17.01,5.01,79.91,28.92,3.32
Kepulauan Riau,105.44410554655478,1.501978268543322,MAR,21.9,2.9,82.26,27.73,3.59
Kepulauan Riau,105.44410554655478,1.501978268543322,MAY,19.07,3.87,80.04,29.23,2.76
Kepulauan Riau,105.44410554655478,1.501978268543322,NOV,16.43,7.08,80.14,28.33,2.48
Kepulauan Riau,105.44410554655478,1.501978268543322,OCT,17.62,5.82,79.21,28.45,2.8
Kepulauan Riau,105.44410554655478,1.501978268543322,SEP,17.88,5.16,81.25,28.24,3.89
Lampung,105.02140399569781,-4.915713068631702,ANN,17.01,5.66,84.41,26.48,0.78
Lampung,105.02140399569781,-4.915713068631702,APR,17.05,7.64,87.95,26.49,0.59
Lampung,105.02140399569781,-4.915713068631702,AUG,17.19,2.56,82.14,26.21,0.9
Lampung,105.02140399569781,-4.915713068631702,DEC,16.53,7.81,82.76,26.73,0.75
Lampung,105.02140399569781,-4.915713068631702,FEB,17.58,8.01,88.44,25.97,0.8
Lampung,105.02140399569781,-4.915713068631702,JAN,17.02,10.59,88.01,26.01,0.82
Lampung,105.02140399569781,-4.915713068631702,JUL,15.86,3.01,86.8,25.59,0.78
Lampung,105.02140399569781,-4.915713068631702,JUN,14.62,4.43,88.9,25.86,0.67
Lampung,105.02140399569781,-4.915713068631702,MAR,18.2,8.45,87.79,26.21,0.63
Lampung,105.02140399569781,-4.915713068631702,MAY,15.73,4.56,89.11,26.56,0.67
Lampung,105.02140399569781,-4.915713068631702,NOV,17.11,5.7,78.97,27.39,0.78
Lampung,105.02140399569781,-4.915713068631702,OCT,18.85,2.99,75.09,27.7,0.96
Lampung,105.02140399569781,-4.915713068631702,SEP,18.4,2.27,77.12,26.98,0.99
Maluku,129.79957424336186,-4.71502558302859,ANN,18.76,4.38,81.15,27.97,3.86
Maluku,129.79957424336186,-4.71502558302859,APR,18.56,5.78,79.7,28.52,2.83
Maluku,129.79957424336186,-4.71502558302859,AUG,17.85,2.46,83.61,26.49,5.28
Maluku,129.79957424336186,-4.71502558302859,DEC,19.1,5.23,78.97,28.92,3.39
Maluku,129.79957424336186,-4.71502558302859,FEB,20.4,4.62,80.4,28.5,3.77
Maluku,129.79957424336186,-4.71502558302859,JAN,19.96,4.93,79.83,28.7,3.68
Maluku,129.79957424336186,-4.71502558302859,JUL,15.39,3.8,83.88,26.74,5.61
Maluku,129.79957424336186,-4.71502558302859,JUN,15.27,5.26,83.77,27.49,4.75
Maluku,129.79957424336186,-4.71502558302859,MAR,19.81,4.91,79.78,28.4,3.0
Maluku,129.79957424336186,-4.71502558302859,MAY,16.04,7.48,82.05,28.45,4.26
Maluku,129.79957424336186,-4.71502558302859,NOV,21.6,2.47,77.42,28.72,2.28
Maluku,129.79957424336186,-4.71502558302859,OCT,21.69,2.6,81.08,27.83,3.01
Maluku,129.79957424336186,-4.71502558302859,SEP,19.52,3.06,83.21,26.85,4.41
Maluku Utara,127.54087082745167,0.21620262925408826,ANN,18.86,6.2,79.32,27.93,2.61
Maluku Utara,127.54087082745167,0.21620262925408826,APR,20.2,6.85,79.24,28.24,2.31
Maluku Utara,127.54087082745167,0.21620262925408826,AUG,17.62,4.97,80.23,27.33,2.72
Maluku Utara,127.54087082745167,0.21620262925408826,DEC,18.52,7.07,79.99,28.17,2.89
Maluku Utara,127.54087082745167,0.21620262925408826,FEB,19.78,5.82,79.12,27.88,3.25
Maluku Utara,127.54087082745167,0.21620262925408826,JAN,18.62,7.36,80.88,27.82,3.23
Maluku Utara,127.54087082745167,0.21620262925408826,JUL,16.04,7.11,81.11,27.24,2.74
Maluku Utara,127.54087082745167,0.21620262925408826,JUN,17.21,8.06,79.68,27.76,2.21
Maluku Utara,127.54087082745167,0.21620262925408826,MAR,20.63,6.83,79.03,28.0,2.79
Maluku Utara,127.54087082745167,0.21620262925408826,MAY,18.5,6.64,79.5,28.41,2.3
Maluku Utara,127.54087082745167,0.21620262925408826,NOV,19.77,5.22,77.32,28.47,2.22
Maluku Utara,127.54087082745167,0.21620262925408826,OCT,20.21,4.06,77.23,28.23,2.24
Maluku Utara,127.54087082745167,0.21620262925408826,SEP,19.37,4.46,78.47,27.57,2.51
Nusa Tenggara Barat,117.50909438874757,-8.607671068960416,ANN,20.57,3.92,79.48,26.64,0.95
Nusa Tenggara Barat,117.50909438874757,-8.607671068960416,APR,19.98,3.52,84.06,26.52,0.84
Nusa Tenggara Barat,117.50909438874757,-8.607671068960416,AUG,21.61,0.22,73.05,26.03,1.12
Nusa Tenggara Barat,117.50909438874757,-8.607671068960416,DEC,20.06,8.54,81.47,27.21,0.78
Nusa Tenggara Barat,117.50909438874757,-8.607671068960416,FEB,19.33,8.65,86.86,26.23,0.95
Nusa Tenggara Barat,117.50909438874757,-8.607671068960416,JAN,19.23,8.46,84.78,26.49,0.92
Nusa Tenggara Barat,117.50909438874757,-8.607671068960416,JUL,19.27,0.52,77.85,25.16,1.2
Nusa Tenggara Barat,117.50909438874757,-8.607671068960416,JUN,18.36,0.96,81.92,25.62,1.07
Nusa Tenggara Barat,117.50909438874757,-8.607671068960416,MAR,19.84,7.07,85.81,26.44,0.81
Nusa Tenggara Barat,117.50909438874757,-8.607671068960416,MAY,19.72,1.26,83.43,26.16,1.04
Nusa Tenggara Barat,117.50909438874757,-8.607671068960416,NOV,22.13,5.1,74.76,28.25,0.73
Nusa Tenggara Barat,117.50909438874757,-8.607671068960416,OCT,24.11,2.27,69.99,28.27,0.88
Nusa Tenggara Barat,117.50909438874757,-8.607671068960416,SEP,23.05,0.69,70.19,27.24,1.02
Nusa Tenggara Timur,122.18549524261248,-9.261792616292713,ANN,22.03,3.0,78.32,27.99,3.53
Nusa Tenggara Timur,122.18549524261248,-9.261792616292713,APR,21.4,4.72,77.44,28.62,3.31
Nusa Tenggara Timur,122.18549524261248,-9.261792616292713,AUG,22.76,0.24,77.75,26.4,4.23
Nusa Tenggara Timur,122.18549524261248,-9.261792616292713,DEC,21.81,5.85,77.0,29.2,2.81
Nusa Tenggara Timur,122.18549524261248,-9.261792616292713,FEB,21.17,6.94,79.19,28.78,3.45
Nusa Tenggara Timur,122.18549524261248,-9.261792616292713,JAN,20.58,6.14,78.69,28.9,3.66
Nusa Tenggara Timur,122.18549524261248,-9.261792616292713,JUL,20.04,0.4,77.48,26.39,4.75
Nusa Tenggara Timur,122.18549524261248,-9.261792616292713,JUN,19.09,0.8,78.37,27.18,4.32
Nusa Tenggara Timur,122.18549524261248,-9.261792616292713,MAR,21.68,5.78,78.43,28.73,2.56
Nusa Tenggara Timur,122.18549524261248,-9.261792616292713,MAY,20.46,1.04,78.04,28.06,4.37
Nusa Tenggara Timur,122.18549524261248,-9.261792616292713,NOV,24.98,2.59,77.21,28.91,2.28
Nusa Tenggara Timur,122.18549524261248,-9.261792616292713,OCT,25.59,1.24,80.27,27.89,3.02
Nusa Tenggara Timur,122.18549524261248,-9.261792616292713,SEP,24.83,0.5,80.11,26.9,3.62
Papua,138.53616413233323,-2.6124789292265476,ANN,17.11,6.62,91.25,24.03,0.19
Papua,138.53616413233323,-2.6124789292265476,APR,16.82,7.16,91.74,24.1,0.19
Papua,138.53616413233323,-2.6124789292265476,AUG,16.91,6.71,91.37,23.79,0.18
Papua,138.53616413233323,-2.6124789292265476,DEC,16.89,7.02,91.78,24.07,0.2
Papua,138.53616413233323,-2.6124789292265476,FEB,17.37,7.57,91.53,23.89,0.2
Papua,138.53616413233323,-2.6124789292265476,JAN,17.56,6.5,90.93,24.13,0.19
Papua,138.53616413233323,-2.6124789292265476,JUL,15.82,6.19,91.79,23.66,0.19
Papua,138.53616413233323,-2.6124789292265476,JUN,15.84,6.4,91.89,23.83,0.19
Papua,138.53616413233323,-2.6124789292265476,MAR,18.0,7.37,91.36,23.94,0.2
Papua,138.53616413233323,-2.6124789292265476,MAY,16.41,7.54,91.91,24.26,0.18
Papua,138.53616413233323,-2.6124789292265476,NOV,17.64,4.35,90.32,24.4,0.18
Papua,138.53616413233323,-2.6124789292265476,OCT,18.25,6.8,90.18,24.22,0.18
Papua,138.53616413233323,-2.6124789292265476,SEP,17.81,5.82,90.29,24.03,0.18
Papua Barat,133.65210332918141,-2.6548541059904576,ANN,17.49,8.1,89.19,26.36,0.66
Papua Barat,133.65210332918141,-2.6548541059904576,APR,18.49,10.18,89.69,26.5,0.68
Papua Barat,133.65210332918141,-2.6548541059904576,AUG,15.74,6.94,88.92,25.89,0.64
Papua Barat,133.65210332918141,-2.6548541059904576,DEC,17.96,9.05,89.89,26.48,0.69
Papua Barat,133.65210332918141,-2.6548541059904576,FEB,18.55,8.87,88.79,26.35,0.67
Papua Barat,133.65210332918141,-2.6548541059904576,JAN,18.51,7.07,88.95,26.45,0.69
Papua Barat,133.65210332918141,-2.6548541059904576,JUL,14.97,9.01,89.71,25.85,0.65
Papua Barat,133.65210332918141,-2.6548541059904576,JUN,15.47,6.99,89.54,26.31,0.61
Papua Barat,133.65210332918141,-2.6548541059904576,MAR,19.23,9.16,88.67,26.46,0.67
Papua Barat,133.65210332918141,-2.6548541059904576,MAY,17.12,9.44,90.25,26.7,0.67
Papua Barat,133.65210332918141,-2.6548541059904576,NOV,18.6,7.7,89.18,26.67,0.68
Papua Barat,133.65210332918141,-2.6548541059904576,OCT,18.28,6.38,88.31,26.53,0.65
Papua Barat,133.65210332918141,-2.6548541059904576,SEP,16.98,6.5,88.38,26.14,0.63
Papua Barat Daya,131.97290589238622,-1.1249969331699066,ANN,18.71,9.77,87.56,25.86,1.38
Papua Barat Daya,131.97290589238622,-1.1249969331699066,APR,19.15,8.96,86.76,26.2,1.14
Papua Barat Daya,131.97290589238622,-1.1249969331699066,AUG,17.47,15.36,89.87,25.16,1.81
Papua Barat Daya,131.97290589238622,-1.1249969331699066,DEC,18.18,7.37,86.81,26.11,1.25
Papua Barat Daya,131.97290589238622,-1.1249969331699066,FEB,19.45,7.41,85.93,25.88,1.58
Papua Barat Daya,131.97290589238622,-1.1249969331699066,JAN,19.17,6.58,86.58,25.93,1.37
Papua Barat Daya,131.97290589238622,-1.1249969331699066,JUL,16.29,12.9,89.94,25.18,1.68
Papua Barat Daya,131.97290589238622,-1.1249969331699066,JUN,17.37,15.43,89.52,25.61,1.29
Papua Barat Daya,131.97290589238622,-1.1249969331699066,MAR,20.61,7.24,85.96,26.02,1.3
Papua Barat Daya,131.97290589238622,-1.1249969331699066,MAY,17.79,8.46,87.75,26.31,1.23
Papua Barat Daya,131.97290589238622,-1.1249969331699066,NOV,19.94,6.8,86.24,26.41,1.1
Papua Barat Daya,131.97290589238622,-1.1249969331699066,OCT,19.94,9.52,87.11,25.98,1.26
Papua Barat Daya,131.97290589238622,-1.1249969331699066,SEP,19.28,11.2,88.12,25.47,1.59
Papua Pegunungan,139.45420895714065,-4.229070956690482,ANN,15.91,5.54,89.64,17.81,1.11
Papua Pegunungan,139.45420895714065,-4.229070956690482,APR,16.38,7.03,91.44,17.95,1.04
Papua Pegunungan,139.45420895714065,-4.229070956690482,AUG,14.6,2.81,88.08,17.44,1.15
Papua Pegunungan,139.45420895714065,-4.229070956690482,DEC,16.51,6.67,90.23,18.14,1.08
Papua Pegunungan,139.45420895714065,-4.229070956690482,FEB,17.16,7.13,90.15,18.09,0.99
Papua Pegunungan,139.45420895714065,-4.229070956690482,JAN,17.27,5.1,90.13,18.15,1.04
Papua Pegunungan,139.45420895714065,-4.229070956690482,JUL,13.42,4.23,89.21,17.25,1.14
Papua Pegunungan,139.45420895714065,-4.229070956690482,JUN,13.96,4.85,89.54,17.36,1.12
Papua Pegunungan,139.45420895714065,-4.229070956690482,MAR,17.21,7.68,90.97,17.95,1.05
Papua Pegunungan,139.45420895714065,-4.229070956690482,MAY,15.07,4.71,90.59,17.95,1.11
Papua Pegunungan,139.45420895714065,-4.229070956690482,NOV,16.75,5.58,88.92,17.95,1.12
Papua Pegunungan,139.45420895714065,-4.229070956690482,OCT,16.88,6.35,88.73,17.85,1.17
Papua Pegunungan,139.45420895714065,-4.229070956690482,SEP,15.75,4.51,87.75,17.61,1.24
Papua Selatan,139.5473785301081,-6.679255223364178,ANN,16.18,11.42,92.38,25.99,0.06
Papua Selatan,139.5473785301081,-6.679255223364178,APR,17.11,13.83,93.42,26.32,0.1
Papua Selatan,139.5473785301081,-6.679255223364178,AUG,14.56,7.52,90.82,25.11,0.03
Papua Selatan,139.5473785301081,-6.679255223364178,DEC,17.79,12.67,92.59,26.57,0.09
Papua Selatan,139.5473785301081,-6.679255223364178,FEB,17.87,9.82,92.06,26.43,0.06
Papua Selatan,139.5473785301081,-6.679255223364178,JAN,17.58,9.15,92.49,26.39,0.07
Papua Selatan,139.5473785301081,-6.679255223364178,JUL,12.85,10.64,92.39,25.0,0.02
Papua Selatan,139.5473785301081,-6.679255223364178,JUN,13.2,12.76,93.45,25.48,0.03
Papua Selatan,139.5473785301081,-6.679255223364178,MAR,16.88,16.81,93.55,26.2,0.07
Papua Selatan,139.5473785301081,-6.679255223364178,MAY,15.01,11.1,93.2,26.19,0.04
Papua Selatan,139.5473785301081,-6.679255223364178,NOV,17.95,10.3,91.64,26.65,0.09
Papua Selatan,139.5473785301081,-6.679255223364178,OCT,17.74,11.42,91.7,26.19,0.08
Papua Selatan,139.5473785301081,-6.679255223364178,SEP,15.76,10.91,91.25,25.42,0.04
Papua Tengah,136.62392030968533,-3.911139170198921,ANN,17.14,10.98,93.09,14.56,1.09
Papua Tengah,136.62392030968533,-3.911139170198921,APR,17.45,9.69,92.73,14.82,1.13
Papua Tengah,136.62392030968533,-3.911139170198921,AUG,16.34,13.38,94.05,14.16,0.95
Papua Tengah,136.62392030968533,-3.911139170198921,DEC,17.52,12.1,92.22,14.77,1.23
Papua Tengah,136.62392030968533,-3.911139170198921,FEB,18.11,8.78,91.67,14.49,1.34
Papua Tengah,136.62392030968533,-3.911139170198921,JAN,18.26,10.0,92.09,14.56,1.27
Papua Tengah,136.62392030968533,-3.911139170198921,JUL,15.33,14.31,94.94,14.18,0.94
Papua Tengah,136.62392030968533,-3.911139170198921,JUN,15.36,12.11,94.44,14.43,0.91
Papua Tengah,136.62392030968533,-3.911139170198921,MAR,18.35,11.65,92.56,14.52,1.18
Papua Tengah,136.62392030968533,-3.911139170198921,MAY,16.31,9.39,93.81,14.96,0.99
Papua Tengah,136.62392030968533,-3.911139170198921,NOV,17.71,9.35,92.56,14.86,1.1
Papua Tengah,136.62392030968533,-3.911139170198921,OCT,17.71,8.73,92.68,14.59,1.03
Papua Tengah,136.62392030968533,-3.911139170198921,SEP,17.34,12.11,93.28,14.38,0.96
Riau,101.81443445546871,0.5083634997879168,ANN,17.1,7.97,90.67,26.41,0.13
Riau,101.81443445546871,0.5083634997879168,APR,18.11,10.34,91.31,26.79,0.15
Riau,101.81443445546871,0.5083634997879168,AUG,17.02,6.87,90.2,26.36,0.12
Riau,101.81443445546871,0.5083634997879168,DEC,15.46,8.52,91.95,25.99,0.11
Riau,101.81443445546871,0.5083634997879168,FEB,17.22,7.15,89.47,26.29,0.11
Riau,101.81443445546871,0.5083634997879168,JAN,15.73,8.35,90.93,25.97,0.11
Riau,101.81443445546871,0.5083634997879168,JUL,17.43,5.1,90.74,26.34,0.12
Riau,101.81443445546871,0.5083634997879168,JUN,16.94,8.45,92.16,26.37,0.14
Riau,101.81443445546871,0.5083634997879168,MAR,18.14,7.3,89.5,26.62,0.13
Riau,101.81443445546871,0.5083634997879168,MAY,17.26,8.2,91.96,26.97,0.14
Riau,101.81443445546871,0.5083634997879168,NOV,16.63,10.13,91.14,26.26,0.12
Riau,101.81443445546871,0.5083634997879168,OCT,17.95,8.84,89.34,26.54,0.13
Riau,101.81443445546871,0.5083634997879168,SEP,17.3,6.48,89.25,26.4,0.12
Sulawesi Barat,119.34823974163514,-2.4653790561547146,ANN,17.36,7.59,88.73,22.44,0.26
Sulawesi Barat,119.34823974163514,-2.4653790561547146,APR,17.66,7.28,88.96,22.61,0.27
Sulawesi Barat,119.34823974163514,-2.4653790561547146,AUG,17.61,6.29,88.94,22.33,0.26
Sulawesi Barat,119.34823974163514,-2.4653790561547146,DEC,16.61,8.33,87.54,22.4,0.26
Sulawesi Barat,119.34823974163514,-2.4653790561547146,FEB,17.44,6.87,87.79,22.19,0.27
Sulawesi Barat,119.34823974163514,-2.4653790561547146,JAN,16.63,8.43,88.13,22.02,0.26
Sulawesi Barat,119.34823974163514,-2.4653790561547146,JUL,16.03,6.5,90.19,22.17,0.25
Sulawesi Barat,119.34823974163514,-2.4653790561547146,JUN,15.6,11.63,91.56,22.36,0.24
Sulawesi Barat,119.34823974163514,-2.4653790561547146,MAR,17.91,7.23,88.18,22.29,0.26
Sulawesi Barat,119.34823974163514,-2.4653790561547146,MAY,16.63,7.87,90.54,22.98,0.26
Sulawesi Barat,119.34823974163514,-2.4653790561547146,NOV,18.03,6.85,88.24,22.82,0.25
Sulawesi Barat,119.34823974163514,-2.4653790561547146,OCT,19.36,7.78,87.54,22.74,0.26
Sulawesi Barat,119.34823974163514,-2.4653790561547146,SEP,18.79,6.06,87.06,22.45,0.25
Sulawesi Selatan,120.16377699025767,-3.725664224952574,ANN,18.48,8.98,86.65,23.12,0.79
Sulawesi Selatan,120.16377699025767,-3.725664224952574,APR,18.47,10.46,87.55,23.53,0.71
Sulawesi Selatan,120.16377699025767,-3.725664224952574,AUG,17.79,7.04,87.58,22.16,0.97
Sulawesi Selatan,120.16377699025767,-3.725664224952574,DEC,18.52,10.14,85.8,23.5,0.79
Sulawesi Selatan,120.16377699025767,-3.725664224952574,FEB,19.03,10.84,86.28,23.31,0.73
Sulawesi Selatan,120.16377699025767,-3.725664224952574,JAN,18.7,10.4,86.4,23.24,0.73
Sulawesi Selatan,120.16377699025767,-3.725664224952574,JUL,14.81,7.77,89.74,22.06,0.91
Sulawesi Selatan,120.16377699025767,-3.725664224952574,JUN,15.46,9.77,89.33,22.68,0.81
Sulawesi Selatan,120.16377699025767,-3.725664224952574,MAR,19.48,10.22,86.12,23.56,0.64
Sulawesi Selatan,120.16377699025767,-3.725664224952574,MAY,16.69,9.89,89.04,23.45,0.78
Sulawesi Selatan,120.16377699025767,-3.725664224952574,NOV,21.04,8.54,84.01,23.87,0.69
Sulawesi Selatan,120.16377699025767,-3.725664224952574,OCT,21.8,6.86,83.23,23.5,0.79
Sulawesi Selatan,120.16377699025767,-3.725664224952574,SEP,20.02,5.97,84.59,22.64,0.9
Sulawesi Tengah,121.20019161161567,-1.012658684891298,ANN,17.05,5.87,79.15,27.2,1.38
Sulawesi Tengah,121.20019161161567,-1.012658684891298,APR,17.35,7.71,81.17,27.31,1.46
Sulawesi Tengah,121.20019161161567,-1.012658684891298,AUG,15.75,4.31,76.64,27.02,1.35
Sulawesi Tengah,121.20019161161567,-1.012658684891298,DEC,17.44,3.5,80.76,27.23,1.51
Sulawesi Tengah,121.20019161161567,-1.012658684891298,FEB,18.38,5.11,81.39,26.68,1.55
Sulawesi Tengah,121.20019161161567,-1.012658684891298,JAN,17.55,4.72,81.72,26.64,1.53
Sulawesi Tengah,121.20019161161567,-1.012658684891298,JUL,13.75,7.29,78.32,26.9,1.31
Sulawesi Tengah,121.20019161161567,-1.012658684891298,JUN,14.31,7.75,78.76,27.29,1.2
Sulawesi Tengah,121.20019161161567,-1.012658684891298,MAR,18.29,7.21,81.22,26.9,1.49
Sulawesi Tengah,121.20019161161567,-1.012658684891298,MAY,15.62,7.21,79.99,27.71,1.29
Sulawesi Tengah,121.20019161161567,-1.012658684891298,NOV,18.84,4.71,78.73,27.65,1.37
Sulawesi Tengah,121.20019161161567,-1.012658684891298,OCT,19.41,7.09,75.97,27.76,1.28
Sulawesi Tengah,121.20019161161567,-1.012658684891298,SEP,18.03,3.77,75.3,27.33,1.28
Sulawesi Tenggara,122.07031669797053,-4.131444812653171,ANN,18.19,7.07,90.34,24.64,0.14
Sulawesi Tenggara,122.07031669797053,-4.131444812653171,APR,18.06,8.83,92.11,24.94,0.15
Sulawesi Tenggara,122.07031669797053,-4.131444812653171,AUG,18.51,5.19,90.45,23.4,0.14
Sulawesi Tenggara,122.07031669797053,-4.131444812653171,DEC,18.03,5.72,88.71,25.34,0.14
Sulawesi Tenggara,122.07031669797053,-4.131444812653171,FEB,18.25,8.48,91.31,24.89,0.13
Sulawesi Tenggara,122.07031669797053,-4.131444812653171,JAN,18.05,7.16,90.75,24.96,0.15
Sulawesi Tenggara,122.07031669797053,-4.131444812653171,JUL,15.11,7.23,92.48,23.46,0.13
Sulawesi Tenggara,122.07031669797053,-4.131444812653171,JUN,14.56,8.65,93.33,23.98,0.12
Sulawesi Tenggara,122.07031669797053,-4.131444812653171,MAR,18.08,9.0,92.36,24.86,0.15
Sulawesi Tenggara,122.07031669797053,-4.131444812653171,MAY,15.92,9.1,92.91,24.8,0.13
Sulawesi Tenggara,122.07031669797053,-4.131444812653171,NOV,20.87,6.6,84.95,25.87,0.14
Sulawesi Tenggara,122.07031669797053,-4.131444812653171,OCT,22.62,4.26,85.85,25.23,0.15
Sulawesi Tenggara,122.07031669797053,-4.131444812653171,SEP,20.19,4.74,88.86,23.95,0.14
Sulawesi Utara,124.51282228201147,1.245447674937208,ANN,19.3,5.08,80.91,25.67,2.48
Sulawesi Utara,124.51282228201147,1.245447674937208,APR,20.68,5.21,81.28,25.88,2.07
Sulawesi Utara,124.51282228201147,1.245447674937208,AUG,20.79,3.04,79.77,25.43,3.22
Sulawesi Utara,124.51282228201147,1.245447674937208,DEC,17.32,6.45,84.08,25.49,2.42
Sulawesi Utara,124.51282228201147,1.245447674937208,FEB,18.15,5.36,85.34,24.79,3.13
Sulawesi Utara,124.51282228201147,1.245447674937208,JAN,16.66,6.48,86.6,24.76,2.97
Sulawesi Utara,124.51282228201147,1.245447674937208,JUL,18.18,4.96,82.23,25.14,2.77
Sulawesi Utara,124.51282228201147,1.245447674937208,JUN,18.45,5.75,80.47,25.78,2.13
Sulawesi Utara,124.51282228201147,1.245447674937208,MAR,19.66,4.66,83.38,25.23,2.59
Sulawesi Utara,124.51282228201147,1.245447674937208,MAY,19.68,5.22,80.55,26.36,1.83
Sulawesi Utara,124.51282228201147,1.245447674937208,NOV,19.25,5.83,77.91,26.35,1.82
Sulawesi Utara,124.51282228201147,1.245447674937208,OCT,21.29,4.14,74.09,26.7,1.99
Sulawesi Utara,124.51282228201147,1.245447674937208,SEP,21.5,3.86,75.41,26.03,2.84
Sumatera Barat,100.4657270756012,-0.8452486346141194,ANN,16.91,10.92,86.73,24.12,1.15
Sumatera Barat,100.4657270756012,-0.8452486346141194,APR,17.76,11.64,86.71,24.51,1.09
Sumatera Barat,100.4657270756012,-0.8452486346141194,AUG,16.67,11.5,87.12,24.11,1.19
Sumatera Barat,100.4657270756012,-0.8452486346141194,DEC,15.75,11.82,87.26,23.7,1.22
Sumatera Barat,100.4657270756012,-0.8452486346141194,FEB,17.39,9.6,85.38,24.27,1.1
Sumatera Barat,100.4657270756012,-0.8452486346141194,JAN,16.2,10.95,86.11,23.99,1.05
Sumatera Barat,100.4657270756012,-0.8452486346141194,JUL,17.14,7.28,86.2,24.15,1.1
Sumatera Barat,100.4657270756012,-0.8452486346141194,JUN,16.64,10.22,87.08,24.21,1.11
Sumatera Barat,100.4657270756012,-0.8452486346141194,MAR,18.15,12.45,85.74,24.32,1.13
Sumatera Barat,100.4657270756012,-0.8452486346141194,MAY,16.79,10.98,87.26,24.79,1.08
Sumatera Barat,100.4657270756012,-0.8452486346141194,NOV,16.7,12.82,87.8,23.69,1.2
Sumatera Barat,100.4657270756012,-0.8452486346141194,OCT,17.16,10.28,87.5,23.83,1.25
Sumatera Barat,100.4657270756012,-0.8452486346141194,SEP,16.66,11.44,86.49,23.94,1.25
Sumatera Selatan,104.16997702288305,-3.2126530164348956,ANN,17.32,7.39,87.68,26.61,1.09
Sumatera Selatan,104.16997702288305,-3.2126530164348956,APR,17.87,13.58,87.86,27.08,0.82
Sumatera Selatan,104.16997702288305,-3.2126530164348956,AUG,17.72,2.53,87.11,26.3,1.32
Sumatera Selatan,104.16997702288305,-3.2126530164348956,DEC,16.36,10.5,88.09,26.52,1.11
Sumatera Selatan,104.16997702288305,-3.2126530164348956,FEB,17.17,8.77,89.03,26.4,1.22
Sumatera Selatan,104.16997702288305,-3.2126530164348956,JAN,16.52,8.87,89.67,26.19,1.27
Sumatera Selatan,104.16997702288305,-3.2126530164348956,JUL,16.78,4.11,88.45,26.11,1.18
Sumatera Selatan,104.16997702288305,-3.2126530164348956,JUN,15.98,5.81,89.29,26.49,0.99
Sumatera Selatan,104.16997702288305,-3.2126530164348956,MAR,18.19,9.82,88.29,26.71,1.0
Sumatera Selatan,104.16997702288305,-3.2126530164348956,MAY,16.73,7.12,89.29,27.15,0.92
Sumatera Selatan,104.16997702288305,-3.2126530164348956,NOV,17.81,7.64,85.45,26.99,0.89
Sumatera Selatan,104.16997702288305,-3.2126530164348956,OCT,18.54,5.84,84.21,26.93,1.08
Sumatera Selatan,104.16997702288305,-3.2126530164348956,SEP,18.22,4.23,85.43,26.49,1.28
Sumatera Utara,99.06019508363032,2.1917511022406906,ANN,17.07,10.95,89.15,23.02,0.46
Sumatera Utara,99.06019508363032,2.1917511022406906,APR,18.14,11.53,89.31,23.56,0.45
Sumatera Utara,99.06019508363032,2.1917511022406906,AUG,17.41,11.93,89.69,22.75,0.48
Sumatera Utara,99.06019508363032,2.1917511022406906,DEC,14.89,14.26,90.03,22.72,0.45
Sumatera Utara,99.06019508363032,2.1917511022406906,FEB,17.81,7.05,86.92,23.43,0.43
Sumatera Utara,99.06019508363032,2.1917511022406906,JAN,15.77,9.2,88.74,23.03,0.43
Sumatera Utara,99.06019508363032,2.1917511022406906,JUL,17.51,7.95,88.68,22.89,0.47
Sumatera Utara,99.06019508363032,2.1917511022406906,JUN,17.46,11.42,89.65,22.89,0.45
Sumatera Utara,99.06019508363032,2.1917511022406906,MAR,19.12,11.35,88.45,23.42,0.46
Sumatera Utara,99.06019508363032,2.1917511022406906,MAY,17.14,9.22,89.6,23.65,0.45
Sumatera Utara,99.06019508363032,2.1917511022406906,NOV,15.51,13.78,90.15,22.66,0.46
Sumatera Utara,99.06019508363032,2.1917511022406906,OCT,16.95,12.54,89.71,22.6,0.49
Sumatera Utara,99.06019508363032,2.1917511022406906,SEP,17.18,10.93,88.79,22.67,0.48
